epoch,loss,weight_stage1_L1_loss,weight_stage1_L2_loss,weight_stage2_L1_loss,weight_stage2_L2_loss,weight_stage3_L1_loss,weight_stage3_L2_loss,weight_stage4_L1_loss,weight_stage4_L2_loss,weight_stage5_L1_loss,weight_stage5_L2_loss,weight_stage6_L1_loss,weight_stage6_L2_loss
0,1118.1842360720511,147.38007236833914,44.36104563204246,139.50806594744583,41.823903779170585,138.77825962145863,41.54234109608325,138.42272504267117,41.598616501607076,138.5515879725187,61.680134186831324,137.3369510865668,40.94624721865637
